center,left,right,steering,throttle,brake,speed
/Users/matthew/Documents/git/udacity/carnd/carnd-behavioral-cloning/IMG/center_2016_12_16_00_32_14_060.jpg, /Users/matthew/Documents/git/udacity/carnd/carnd-behavioral-cloning/IMG/left_2016_12_16_00_32_14_060.jpg, /Users/matthew/Documents/git/udacity/carnd/carnd-behavioral-cloning/IMG/right_2016_12_16_00_32_14_060.jpg, 0, 0, 0, 7.791556E-05
/Users/matthew/Documents/git/udacity/carnd/carnd-behavioral-cloning/IMG/center_2016_12_16_00_32_14_163.jpg, /Users/matthew/Documents/git/udacity/carnd/carnd-behavioral-cloning/IMG/left_2016_12_16_00_32_14_163.jpg, /Users/matthew/Documents/git/udacity/carnd/carnd-behavioral-cloning/IMG/right_2016_12_16_00_32_14_163.jpg, 0, 0, 0, 7.804465E-05
/Users/matthew/Documents/git/udacity/carnd/carnd-behavioral-cloning/IMG/center_2016_12_16_00_32_14_271.jpg, /Users/matthew/Documents/git/udacity/carnd/carnd-behavioral-cloning/IMG/left_2016_12_16_00_32_14_271.jpg, /Users/matthew/Documents/git/udacity/carnd/carnd-behavioral-cloning/IMG/right_2016_12_16_00_32_14_271.jpg, 0, 0, 0, 7.856912E-05
/Users/matthew/Documents/git/udacity/carnd/carnd-behavioral-cloning/IMG/center_2016_12_16_00_32_14_374.jpg, /Users/matthew/Documents/git/udacity/carnd/carnd-behavioral-cloning/IMG/left_2016_12_16_00_32_14_374.jpg, /Users/matthew/Documents/git/udacity/carnd/carnd-behavioral-cloning/IMG/right_2016_12_16_00_32_14_374.jpg, 0, 0, 0, 7.842437E-05
/Users/matthew/Documents/git/udacity/carnd/carnd-behavioral-cloning/IMG/center_2016_12_16_00_32_14_479.jpg, /Users/matthew/Documents/git/udacity/carnd/carnd-behavioral-cloning/IMG/left_2016_12_16_00_32_14_479.jpg, /Users/matthew/Documents/git/udacity/carnd/carnd-behavioral-cloning/IMG/right_2016_12_16_00_32_14_479.jpg, 0, 0, 0, 7.849719E-05
/Users/matthew/Documents/git/udacity/carnd/carnd-behavioral-cloning/IMG/center_2016_12_16_00_32_14_589.jpg, /Users/matthew/Documents/git/udacity/carnd/carnd-behavioral-cloning/IMG/left_2016_12_16_00_32_14_589.jpg, /Users/matthew/Documents/git/udacity/carnd/carnd-behavioral-cloning/IMG/right_2016_12_16_00_32_14_589.jpg, 0, 0, 0, 7.785131E-05
/Users/matthew/Documents/git/udacity/carnd/carnd-behavioral-cloning/IMG/center_2016_12_16_00_32_14_693.jpg, /Users/matthew/Documents/git/udacity/carnd/carnd-behavioral-cloning/IMG/left_2016_12_16_00_32_14_693.jpg, /Users/matthew/Documents/git/udacity/carnd/carnd-behavioral-cloning/IMG/right_2016_12_16_00_32_14_693.jpg, 0, 0, 0, 7.779796E-05
/Users/matthew/Documents/git/udacity/carnd/carnd-behavioral-cloning/IMG/center_2016_12_16_00_32_14_793.jpg, /Users/matthew/Documents/git/udacity/carnd/carnd-behavioral-cloning/IMG/left_2016_12_16_00_32_14_793.jpg, /Users/matthew/Documents/git/udacity/carnd/carnd-behavioral-cloning/IMG/right_2016_12_16_00_32_14_793.jpg, 0, 0, 0, 7.861496E-05
/Users/matthew/Documents/git/udacity/carnd/carnd-behavioral-cloning/IMG/center_2016_12_16_00_33_03_021.jpg, /Users/matthew/Documents/git/udacity/carnd/carnd-behavioral-cloning/IMG/left_2016_12_16_00_33_03_021.jpg, /Users/matthew/Documents/git/udacity/carnd/carnd-behavioral-cloning/IMG/right_2016_12_16_00_33_03_021.jpg, 0, 0, 0, 4.255045
/Users/matthew/Documents/git/udacity/carnd/carnd-behavioral-cloning/IMG/center_2016_12_16_00_33_03_129.jpg, /Users/matthew/Documents/git/udacity/carnd/carnd-behavioral-cloning/IMG/left_2016_12_16_00_33_03_129.jpg, /Users/matthew/Documents/git/udacity/carnd/carnd-behavioral-cloning/IMG/right_2016_12_16_00_33_03_129.jpg, -0.09949163, 0.002662782, 0, 4.198988
/Users/matthew/Documents/git/udacity/carnd/carnd-behavioral-cloning/IMG/center_2016_12_16_00_33_03_234.jpg, /Users/matthew/Documents/git/udacity/carnd/carnd-behavioral-cloning/IMG/left_2016_12_16_00_33_03_234.jpg, /Users/matthew/Documents/git/udacity/carnd/carnd-behavioral-cloning/IMG/right_2016_12_16_00_33_03_234.jpg, -0.2641007, 0.1188574, 0, 4.258329
/Users/matthew/Documents/git/udacity/carnd/carnd-behavioral-cloning/IMG/center_2016_12_16_00_33_03_334.jpg, /Users/matthew/Documents/git/udacity/carnd/carnd-behavioral-cloning/IMG/left_2016_12_16_00_33_03_334.jpg, /Users/matthew/Documents/git/udacity/carnd/carnd-behavioral-cloning/IMG/right_2016_12_16_00_33_03_334.jpg, -0.2737836, 0.1091745, 0, 4.353774
/Users/matthew/Documents/git/udacity/carnd/carnd-behavioral-cloning/IMG/center_2016_12_16_00_33_03_434.jpg, /Users/matthew/Documents/git/udacity/carnd/carnd-behavioral-cloning/IMG/left_2016_12_16_00_33_03_434.jpg, /Users/matthew/Documents/git/udacity/carnd/carnd-behavioral-cloning/IMG/right_2016_12_16_00_33_03_434.jpg, -0.3318809, 0.1285403, 0, 4.453805
/Users/matthew/Documents/git/udacity/carnd/carnd-behavioral-cloning/IMG/center_2016_12_16_00_33_03_535.jpg, /Users/matthew/Documents/git/udacity/carnd/carnd-behavioral-cloning/IMG/left_2016_12_16_00_33_03_535.jpg, /Users/matthew/Documents/git/udacity/carnd/carnd-behavioral-cloning/IMG/right_2016_12_16_00_33_03_535.jpg, -0.3802953, 0.1672718, 0, 4.591816
/Users/matthew/Documents/git/udacity/carnd/carnd-behavioral-cloning/IMG/center_2016_12_16_00_33_03_635.jpg, /Users/matthew/Documents/git/udacity/carnd/carnd-behavioral-cloning/IMG/left_2016_12_16_00_33_03_635.jpg, /Users/matthew/Documents/git/udacity/carnd/carnd-behavioral-cloning/IMG/right_2016_12_16_00_33_03_635.jpg, -0.4480756, 0.2641007, 0, 4.813845
/Users/matthew/Documents/git/udacity/carnd/carnd-behavioral-cloning/IMG/center_2016_12_16_00_33_03_746.jpg, /Users/matthew/Documents/git/udacity/carnd/carnd-behavioral-cloning/IMG/left_2016_12_16_00_33_03_746.jpg, /Users/matthew/Documents/git/udacity/carnd/carnd-behavioral-cloning/IMG/right_2016_12_16_00_33_03_746.jpg, -0.4674413, 0.2544178, 0, 5.124157
/Users/matthew/Documents/git/udacity/carnd/carnd-behavioral-cloning/IMG/center_2016_12_16_00_33_03_851.jpg, /Users/matthew/Documents/git/udacity/carnd/carnd-behavioral-cloning/IMG/left_2016_12_16_00_33_03_851.jpg, /Users/matthew/Documents/git/udacity/carnd/carnd-behavioral-cloning/IMG/right_2016_12_16_00_33_03_851.jpg, -0.4674413, 0.2447349, 0, 5.371979
/Users/matthew/Documents/git/udacity/carnd/carnd-behavioral-cloning/IMG/center_2016_12_16_00_33_03_951.jpg, /Users/matthew/Documents/git/udacity/carnd/carnd-behavioral-cloning/IMG/left_2016_12_16_00_33_03_951.jpg, /Users/matthew/Documents/git/udacity/carnd/carnd-behavioral-cloning/IMG/right_2016_12_16_00_33_03_951.jpg, -0.4674413, 0.2447349, 0, 5.617434
/Users/matthew/Documents/git/udacity/carnd/carnd-behavioral-cloning/IMG/center_2016_12_16_00_33_04_061.jpg, /Users/matthew/Documents/git/udacity/carnd/carnd-behavioral-cloning/IMG/left_2016_12_16_00_33_04_061.jpg, /Users/matthew/Documents/git/udacity/carnd/carnd-behavioral-cloning/IMG/right_2016_12_16_00_33_04_061.jpg, -0.4674413, 0.2544178, 0, 5.862643
/Users/matthew/Documents/git/udacity/carnd/carnd-behavioral-cloning/IMG/center_2016_12_16_00_33_04_162.jpg, /Users/matthew/Documents/git/udacity/carnd/carnd-behavioral-cloning/IMG/left_2016_12_16_00_33_04_162.jpg, /Users/matthew/Documents/git/udacity/carnd/carnd-behavioral-cloning/IMG/right_2016_12_16_00_33_04_162.jpg, -0.4674413, 0.2544178, 0, 6.108512
/Users/matthew/Documents/git/udacity/carnd/carnd-behavioral-cloning/IMG/center_2016_12_16_00_33_04_262.jpg, /Users/matthew/Documents/git/udacity/carnd/carnd-behavioral-cloning/IMG/left_2016_12_16_00_33_04_262.jpg, /Users/matthew/Documents/git/udacity/carnd/carnd-behavioral-cloning/IMG/right_2016_12_16_00_33_04_262.jpg, -0.4674413, 0.2447349, 0, 6.348085
/Users/matthew/Documents/git/udacity/carnd/carnd-behavioral-cloning/IMG/center_2016_12_16_00_33_04_367.jpg, /Users/matthew/Documents/git/udacity/carnd/carnd-behavioral-cloning/IMG/left_2016_12_16_00_33_04_367.jpg, /Users/matthew/Documents/git/udacity/carnd/carnd-behavioral-cloning/IMG/right_2016_12_16_00_33_04_367.jpg, -0.4674413, 0.2447349, 0, 6.635477
/Users/matthew/Documents/git/udacity/carnd/carnd-behavioral-cloning/IMG/center_2016_12_16_00_33_07_635.jpg, /Users/matthew/Documents/git/udacity/carnd/carnd-behavioral-cloning/IMG/left_2016_12_16_00_33_07_635.jpg, /Users/matthew/Documents/git/udacity/carnd/carnd-behavioral-cloning/IMG/right_2016_12_16_00_33_07_635.jpg, -0.2931493, 0, 0, 5.276387
/Users/matthew/Documents/git/udacity/carnd/carnd-behavioral-cloning/IMG/center_2016_12_16_00_33_07_735.jpg, /Users/matthew/Documents/git/udacity/carnd/carnd-behavioral-cloning/IMG/left_2016_12_16_00_33_07_735.jpg, /Users/matthew/Documents/git/udacity/carnd/carnd-behavioral-cloning/IMG/right_2016_12_16_00_33_07_735.jpg, -0.4868071, 0.02202855, 0, 5.209449
/Users/matthew/Documents/git/udacity/carnd/carnd-behavioral-cloning/IMG/center_2016_12_16_00_33_07_835.jpg, /Users/matthew/Documents/git/udacity/carnd/carnd-behavioral-cloning/IMG/left_2016_12_16_00_33_07_835.jpg, /Users/matthew/Documents/git/udacity/carnd/carnd-behavioral-cloning/IMG/right_2016_12_16_00_33_07_835.jpg, -0.5255386, 0.05107721, 0, 5.195454
/Users/matthew/Documents/git/udacity/carnd/carnd-behavioral-cloning/IMG/center_2016_12_16_00_33_07_935.jpg, /Users/matthew/Documents/git/udacity/carnd/carnd-behavioral-cloning/IMG/left_2016_12_16_00_33_07_935.jpg, /Users/matthew/Documents/git/udacity/carnd/carnd-behavioral-cloning/IMG/right_2016_12_16_00_33_07_935.jpg, -0.5449044, 0.1091745, 0, 5.240842
/Users/matthew/Documents/git/udacity/carnd/carnd-behavioral-cloning/IMG/center_2016_12_16_00_33_08_035.jpg, /Users/matthew/Documents/git/udacity/carnd/carnd-behavioral-cloning/IMG/left_2016_12_16_00_33_08_035.jpg, /Users/matthew/Documents/git/udacity/carnd/carnd-behavioral-cloning/IMG/right_2016_12_16_00_33_08_035.jpg, -0.5545873, 0.1285403, 0, 5.343832
/Users/matthew/Documents/git/udacity/carnd/carnd-behavioral-cloning/IMG/center_2016_12_16_00_33_08_146.jpg, /Users/matthew/Documents/git/udacity/carnd/carnd-behavioral-cloning/IMG/left_2016_12_16_00_33_08_146.jpg, /Users/matthew/Documents/git/udacity/carnd/carnd-behavioral-cloning/IMG/right_2016_12_16_00_33_08_146.jpg, -0.5545873, 0.1285403, 0, 5.469461
/Users/matthew/Documents/git/udacity/carnd/carnd-behavioral-cloning/IMG/center_2016_12_16_00_33_08_246.jpg, /Users/matthew/Documents/git/udacity/carnd/carnd-behavioral-cloning/IMG/left_2016_12_16_00_33_08_246.jpg, /Users/matthew/Documents/git/udacity/carnd/carnd-behavioral-cloning/IMG/right_2016_12_16_00_33_08_246.jpg, -0.5545873, 0.1285403, 0, 5.569559
/Users/matthew/Documents/git/udacity/carnd/carnd-behavioral-cloning/IMG/center_2016_12_16_00_33_08_353.jpg, /Users/matthew/Documents/git/udacity/carnd/carnd-behavioral-cloning/IMG/left_2016_12_16_00_33_08_353.jpg, /Users/matthew/Documents/git/udacity/carnd/carnd-behavioral-cloning/IMG/right_2016_12_16_00_33_08_353.jpg, -0.5642702, 0.1285403, 0, 5.666191
/Users/matthew/Documents/git/udacity/carnd/carnd-behavioral-cloning/IMG/center_2016_12_16_00_33_08_454.jpg, /Users/matthew/Documents/git/udacity/carnd/carnd-behavioral-cloning/IMG/left_2016_12_16_00_33_08_454.jpg, /Users/matthew/Documents/git/udacity/carnd/carnd-behavioral-cloning/IMG/right_2016_12_16_00_33_08_454.jpg, -0.5642702, 0.1285403, 0, 5.761815
/Users/matthew/Documents/git/udacity/carnd/carnd-behavioral-cloning/IMG/center_2016_12_16_00_33_08_556.jpg, /Users/matthew/Documents/git/udacity/carnd/carnd-behavioral-cloning/IMG/left_2016_12_16_00_33_08_556.jpg, /Users/matthew/Documents/git/udacity/carnd/carnd-behavioral-cloning/IMG/right_2016_12_16_00_33_08_556.jpg, -0.5545873, 0.1285403, 0, 5.861212
/Users/matthew/Documents/git/udacity/carnd/carnd-behavioral-cloning/IMG/center_2016_12_16_00_33_12_137.jpg, /Users/matthew/Documents/git/udacity/carnd/carnd-behavioral-cloning/IMG/left_2016_12_16_00_33_12_137.jpg, /Users/matthew/Documents/git/udacity/carnd/carnd-behavioral-cloning/IMG/right_2016_12_16_00_33_12_137.jpg, -0.49649, 0.03171144, 0, 6.858507
/Users/matthew/Documents/git/udacity/carnd/carnd-behavioral-cloning/IMG/center_2016_12_16_00_33_12_241.jpg, /Users/matthew/Documents/git/udacity/carnd/carnd-behavioral-cloning/IMG/left_2016_12_16_00_33_12_241.jpg, /Users/matthew/Documents/git/udacity/carnd/carnd-behavioral-cloning/IMG/right_2016_12_16_00_33_12_241.jpg, -0.5449044, 0.02202855, 0, 6.806887
/Users/matthew/Documents/git/udacity/carnd/carnd-behavioral-cloning/IMG/center_2016_12_16_00_33_12_348.jpg, /Users/matthew/Documents/git/udacity/carnd/carnd-behavioral-cloning/IMG/left_2016_12_16_00_33_12_348.jpg, /Users/matthew/Documents/git/udacity/carnd/carnd-behavioral-cloning/IMG/right_2016_12_16_00_33_12_348.jpg, -0.5449044, 0.03171144, 0, 6.767918
/Users/matthew/Documents/git/udacity/carnd/carnd-behavioral-cloning/IMG/center_2016_12_16_00_33_12_448.jpg, /Users/matthew/Documents/git/udacity/carnd/carnd-behavioral-cloning/IMG/left_2016_12_16_00_33_12_448.jpg, /Users/matthew/Documents/git/udacity/carnd/carnd-behavioral-cloning/IMG/right_2016_12_16_00_33_12_448.jpg, -0.5933188, 0.04139432, 0, 6.739577
/Users/matthew/Documents/git/udacity/carnd/carnd-behavioral-cloning/IMG/center_2016_12_16_00_33_12_548.jpg, /Users/matthew/Documents/git/udacity/carnd/carnd-behavioral-cloning/IMG/left_2016_12_16_00_33_12_548.jpg, /Users/matthew/Documents/git/udacity/carnd/carnd-behavioral-cloning/IMG/right_2016_12_16_00_33_12_548.jpg, -0.6030017, 0.04139432, 0, 6.716784
/Users/matthew/Documents/git/udacity/carnd/carnd-behavioral-cloning/IMG/center_2016_12_16_00_33_12_653.jpg, /Users/matthew/Documents/git/udacity/carnd/carnd-behavioral-cloning/IMG/left_2016_12_16_00_33_12_653.jpg, /Users/matthew/Documents/git/udacity/carnd/carnd-behavioral-cloning/IMG/right_2016_12_16_00_33_12_653.jpg, -0.6030017, 0.04139432, 0, 6.698398
/Users/matthew/Documents/git/udacity/carnd/carnd-behavioral-cloning/IMG/center_2016_12_16_00_33_12_757.jpg, /Users/matthew/Documents/git/udacity/carnd/carnd-behavioral-cloning/IMG/left_2016_12_16_00_33_12_757.jpg, /Users/matthew/Documents/git/udacity/carnd/carnd-behavioral-cloning/IMG/right_2016_12_16_00_33_12_757.jpg, -0.6030017, 0.05107721, 0, 6.691837
/Users/matthew/Documents/git/udacity/carnd/carnd-behavioral-cloning/IMG/center_2016_12_16_00_33_12_863.jpg, /Users/matthew/Documents/git/udacity/carnd/carnd-behavioral-cloning/IMG/left_2016_12_16_00_33_12_863.jpg, /Users/matthew/Documents/git/udacity/carnd/carnd-behavioral-cloning/IMG/right_2016_12_16_00_33_12_863.jpg, -0.5545873, 0.06076009, 0, 6.702144
/Users/matthew/Documents/git/udacity/carnd/carnd-behavioral-cloning/IMG/center_2016_12_16_00_33_14_864.jpg, /Users/matthew/Documents/git/udacity/carnd/carnd-behavioral-cloning/IMG/left_2016_12_16_00_33_14_864.jpg, /Users/matthew/Documents/git/udacity/carnd/carnd-behavioral-cloning/IMG/right_2016_12_16_00_33_14_864.jpg, -0.0510772, 0.002662782, 0, 5.471215
/Users/matthew/Documents/git/udacity/carnd/carnd-behavioral-cloning/IMG/center_2016_12_16_00_33_14_968.jpg, /Users/matthew/Documents/git/udacity/carnd/carnd-behavioral-cloning/IMG/left_2016_12_16_00_33_14_968.jpg, /Users/matthew/Documents/git/udacity/carnd/carnd-behavioral-cloning/IMG/right_2016_12_16_00_33_14_968.jpg, -0.322198, 0.1575889, 0, 5.546089
/Users/matthew/Documents/git/udacity/carnd/carnd-behavioral-cloning/IMG/center_2016_12_16_00_33_15_082.jpg, /Users/matthew/Documents/git/udacity/carnd/carnd-behavioral-cloning/IMG/left_2016_12_16_00_33_15_082.jpg, /Users/matthew/Documents/git/udacity/carnd/carnd-behavioral-cloning/IMG/right_2016_12_16_00_33_15_082.jpg, -0.5061729, 0.235052, 0, 5.728527
/Users/matthew/Documents/git/udacity/carnd/carnd-behavioral-cloning/IMG/center_2016_12_16_00_33_15_189.jpg, /Users/matthew/Documents/git/udacity/carnd/carnd-behavioral-cloning/IMG/left_2016_12_16_00_33_15_189.jpg, /Users/matthew/Documents/git/udacity/carnd/carnd-behavioral-cloning/IMG/right_2016_12_16_00_33_15_189.jpg, -0.5061729, 0.235052, 0, 5.989365
/Users/matthew/Documents/git/udacity/carnd/carnd-behavioral-cloning/IMG/center_2016_12_16_00_33_15_297.jpg, /Users/matthew/Documents/git/udacity/carnd/carnd-behavioral-cloning/IMG/left_2016_12_16_00_33_15_297.jpg, /Users/matthew/Documents/git/udacity/carnd/carnd-behavioral-cloning/IMG/right_2016_12_16_00_33_15_297.jpg, -0.4868071, 0.2447349, 0, 6.219367
/Users/matthew/Documents/git/udacity/carnd/carnd-behavioral-cloning/IMG/center_2016_12_16_00_33_15_405.jpg, /Users/matthew/Documents/git/udacity/carnd/carnd-behavioral-cloning/IMG/left_2016_12_16_00_33_15_405.jpg, /Users/matthew/Documents/git/udacity/carnd/carnd-behavioral-cloning/IMG/right_2016_12_16_00_33_15_405.jpg, -0.3609295, 0.235052, 0, 6.504399
/Users/matthew/Documents/git/udacity/carnd/carnd-behavioral-cloning/IMG/center_2016_12_16_00_33_15_514.jpg, /Users/matthew/Documents/git/udacity/carnd/carnd-behavioral-cloning/IMG/left_2016_12_16_00_33_15_514.jpg, /Users/matthew/Documents/git/udacity/carnd/carnd-behavioral-cloning/IMG/right_2016_12_16_00_33_15_514.jpg, 0, 0, 0, 6.514625
/Users/matthew/Documents/git/udacity/carnd/carnd-behavioral-cloning/IMG/center_2016_12_16_00_33_17_564.jpg, /Users/matthew/Documents/git/udacity/carnd/carnd-behavioral-cloning/IMG/left_2016_12_16_00_33_17_564.jpg, /Users/matthew/Documents/git/udacity/carnd/carnd-behavioral-cloning/IMG/right_2016_12_16_00_33_17_564.jpg, -0.322198, 0.08012586, 0, 8.233326
/Users/matthew/Documents/git/udacity/carnd/carnd-behavioral-cloning/IMG/center_2016_12_16_00_33_17_669.jpg, /Users/matthew/Documents/git/udacity/carnd/carnd-behavioral-cloning/IMG/left_2016_12_16_00_33_17_669.jpg, /Users/matthew/Documents/git/udacity/carnd/carnd-behavioral-cloning/IMG/right_2016_12_16_00_33_17_669.jpg, -0.4480756, 0.1382232, 0, 8.271004
/Users/matthew/Documents/git/udacity/carnd/carnd-behavioral-cloning/IMG/center_2016_12_16_00_33_17_771.jpg, /Users/matthew/Documents/git/udacity/carnd/carnd-behavioral-cloning/IMG/left_2016_12_16_00_33_17_771.jpg, /Users/matthew/Documents/git/udacity/carnd/carnd-behavioral-cloning/IMG/right_2016_12_16_00_33_17_771.jpg, -0.4771242, 0.1575889, 0, 8.358334
/Users/matthew/Documents/git/udacity/carnd/carnd-behavioral-cloning/IMG/center_2016_12_16_00_33_17_876.jpg, /Users/matthew/Documents/git/udacity/carnd/carnd-behavioral-cloning/IMG/left_2016_12_16_00_33_17_876.jpg, /Users/matthew/Documents/git/udacity/carnd/carnd-behavioral-cloning/IMG/right_2016_12_16_00_33_17_876.jpg, -0.4674413, 0.1575889, 0, 8.463325
/Users/matthew/Documents/git/udacity/carnd/carnd-behavioral-cloning/IMG/center_2016_12_16_00_33_17_982.jpg, /Users/matthew/Documents/git/udacity/carnd/carnd-behavioral-cloning/IMG/left_2016_12_16_00_33_17_982.jpg, /Users/matthew/Documents/git/udacity/carnd/carnd-behavioral-cloning/IMG/right_2016_12_16_00_33_17_982.jpg, -0.4287098, 0.1866376, 0, 8.59755
/Users/matthew/Documents/git/udacity/carnd/carnd-behavioral-cloning/IMG/center_2016_12_16_00_33_18_088.jpg, /Users/matthew/Documents/git/udacity/carnd/carnd-behavioral-cloning/IMG/left_2016_12_16_00_33_18_088.jpg, /Users/matthew/Documents/git/udacity/carnd/carnd-behavioral-cloning/IMG/right_2016_12_16_00_33_18_088.jpg, -0.4190269, 0.1963205, 0, 8.783623
/Users/matthew/Documents/git/udacity/carnd/carnd-behavioral-cloning/IMG/center_2016_12_16_00_33_18_199.jpg, /Users/matthew/Documents/git/udacity/carnd/carnd-behavioral-cloning/IMG/left_2016_12_16_00_33_18_199.jpg, /Users/matthew/Documents/git/udacity/carnd/carnd-behavioral-cloning/IMG/right_2016_12_16_00_33_18_199.jpg, -0.4190269, 0.1963205, 0, 8.935684
/Users/matthew/Documents/git/udacity/carnd/carnd-behavioral-cloning/IMG/center_2016_12_16_00_33_18_300.jpg, /Users/matthew/Documents/git/udacity/carnd/carnd-behavioral-cloning/IMG/left_2016_12_16_00_33_18_300.jpg, /Users/matthew/Documents/git/udacity/carnd/carnd-behavioral-cloning/IMG/right_2016_12_16_00_33_18_300.jpg, 0, 0.02202855, 0, 9.03327
/Users/matthew/Documents/git/udacity/carnd/carnd-behavioral-cloning/IMG/center_2016_12_16_00_33_19_834.jpg, /Users/matthew/Documents/git/udacity/carnd/carnd-behavioral-cloning/IMG/left_2016_12_16_00_33_19_834.jpg, /Users/matthew/Documents/git/udacity/carnd/carnd-behavioral-cloning/IMG/right_2016_12_16_00_33_19_834.jpg, -0.2641007, 0.07044297, 0, 7.643789
/Users/matthew/Documents/git/udacity/carnd/carnd-behavioral-cloning/IMG/center_2016_12_16_00_33_19_937.jpg, /Users/matthew/Documents/git/udacity/carnd/carnd-behavioral-cloning/IMG/left_2016_12_16_00_33_19_937.jpg, /Users/matthew/Documents/git/udacity/carnd/carnd-behavioral-cloning/IMG/right_2016_12_16_00_33_19_937.jpg, -0.4383927, 0.1963205, 0, 7.717998
/Users/matthew/Documents/git/udacity/carnd/carnd-behavioral-cloning/IMG/center_2016_12_16_00_33_20_039.jpg, /Users/matthew/Documents/git/udacity/carnd/carnd-behavioral-cloning/IMG/left_2016_12_16_00_33_20_039.jpg, /Users/matthew/Documents/git/udacity/carnd/carnd-behavioral-cloning/IMG/right_2016_12_16_00_33_20_039.jpg, -0.4480756, 0.2060034, 0, 7.876695
/Users/matthew/Documents/git/udacity/carnd/carnd-behavioral-cloning/IMG/center_2016_12_16_00_33_20_146.jpg, /Users/matthew/Documents/git/udacity/carnd/carnd-behavioral-cloning/IMG/left_2016_12_16_00_33_20_146.jpg, /Users/matthew/Documents/git/udacity/carnd/carnd-behavioral-cloning/IMG/right_2016_12_16_00_33_20_146.jpg, -0.4287098, 0.2060034, 0, 8.072302
/Users/matthew/Documents/git/udacity/carnd/carnd-behavioral-cloning/IMG/center_2016_12_16_00_33_20_250.jpg, /Users/matthew/Documents/git/udacity/carnd/carnd-behavioral-cloning/IMG/left_2016_12_16_00_33_20_250.jpg, /Users/matthew/Documents/git/udacity/carnd/carnd-behavioral-cloning/IMG/right_2016_12_16_00_33_20_250.jpg, -0.322198, 0.2060034, 0, 8.250154
/Users/matthew/Documents/git/udacity/carnd/carnd-behavioral-cloning/IMG/center_2016_12_16_00_33_20_351.jpg, /Users/matthew/Documents/git/udacity/carnd/carnd-behavioral-cloning/IMG/left_2016_12_16_00_33_20_351.jpg, /Users/matthew/Documents/git/udacity/carnd/carnd-behavioral-cloning/IMG/right_2016_12_16_00_33_20_351.jpg, -0.3125151, 0.1963205, 0, 8.419084
/Users/matthew/Documents/git/udacity/carnd/carnd-behavioral-cloning/IMG/center_2016_12_16_00_33_20_470.jpg, /Users/matthew/Documents/git/udacity/carnd/carnd-behavioral-cloning/IMG/left_2016_12_16_00_33_20_470.jpg, /Users/matthew/Documents/git/udacity/carnd/carnd-behavioral-cloning/IMG/right_2016_12_16_00_33_20_470.jpg, -0.1769547, 0.1091745, 0, 8.595111
/Users/matthew/Documents/git/udacity/carnd/carnd-behavioral-cloning/IMG/center_2016_12_16_00_33_23_921.jpg, /Users/matthew/Documents/git/udacity/carnd/carnd-behavioral-cloning/IMG/left_2016_12_16_00_33_23_921.jpg, /Users/matthew/Documents/git/udacity/carnd/carnd-behavioral-cloning/IMG/right_2016_12_16_00_33_23_921.jpg, -0.07044297, 0.07044297, 0, 9.065907
/Users/matthew/Documents/git/udacity/carnd/carnd-behavioral-cloning/IMG/center_2016_12_16_00_33_24_033.jpg, /Users/matthew/Documents/git/udacity/carnd/carnd-behavioral-cloning/IMG/left_2016_12_16_00_33_24_033.jpg, /Users/matthew/Documents/git/udacity/carnd/carnd-behavioral-cloning/IMG/right_2016_12_16_00_33_24_033.jpg, -0.0510772, 0.1285403, 0, 9.097803
/Users/matthew/Documents/git/udacity/carnd/carnd-behavioral-cloning/IMG/center_2016_12_16_00_33_24_139.jpg, /Users/matthew/Documents/git/udacity/carnd/carnd-behavioral-cloning/IMG/left_2016_12_16_00_33_24_139.jpg, /Users/matthew/Documents/git/udacity/carnd/carnd-behavioral-cloning/IMG/right_2016_12_16_00_33_24_139.jpg, -0.04139432, 0.1285403, 0, 9.170046
/Users/matthew/Documents/git/udacity/carnd/carnd-behavioral-cloning/IMG/center_2016_12_16_00_33_24_240.jpg, /Users/matthew/Documents/git/udacity/carnd/carnd-behavioral-cloning/IMG/left_2016_12_16_00_33_24_240.jpg, /Users/matthew/Documents/git/udacity/carnd/carnd-behavioral-cloning/IMG/right_2016_12_16_00_33_24_240.jpg, -0.03171144, 0.1479061, 0, 9.246913
/Users/matthew/Documents/git/udacity/carnd/carnd-behavioral-cloning/IMG/center_2016_12_16_00_33_24_350.jpg, /Users/matthew/Documents/git/udacity/carnd/carnd-behavioral-cloning/IMG/left_2016_12_16_00_33_24_350.jpg, /Users/matthew/Documents/git/udacity/carnd/carnd-behavioral-cloning/IMG/right_2016_12_16_00_33_24_350.jpg, -0.04139432, 0.2060034, 0, 9.405444
/Users/matthew/Documents/git/udacity/carnd/carnd-behavioral-cloning/IMG/center_2016_12_16_00_33_24_456.jpg, /Users/matthew/Documents/git/udacity/carnd/carnd-behavioral-cloning/IMG/left_2016_12_16_00_33_24_456.jpg, /Users/matthew/Documents/git/udacity/carnd/carnd-behavioral-cloning/IMG/right_2016_12_16_00_33_24_456.jpg, -0.04139432, 0.2060034, 0, 9.558858
/Users/matthew/Documents/git/udacity/carnd/carnd-behavioral-cloning/IMG/center_2016_12_16_00_33_24_566.jpg, /Users/matthew/Documents/git/udacity/carnd/carnd-behavioral-cloning/IMG/left_2016_12_16_00_33_24_566.jpg, /Users/matthew/Documents/git/udacity/carnd/carnd-behavioral-cloning/IMG/right_2016_12_16_00_33_24_566.jpg, -0.06076009, 0.2253691, 0, 9.746925
/Users/matthew/Documents/git/udacity/carnd/carnd-behavioral-cloning/IMG/center_2016_12_16_00_33_24_672.jpg, /Users/matthew/Documents/git/udacity/carnd/carnd-behavioral-cloning/IMG/left_2016_12_16_00_33_24_672.jpg, /Users/matthew/Documents/git/udacity/carnd/carnd-behavioral-cloning/IMG/right_2016_12_16_00_33_24_672.jpg, -0.1479061, 0.3028322, 0, 9.998017
/Users/matthew/Documents/git/udacity/carnd/carnd-behavioral-cloning/IMG/center_2016_12_16_00_33_24_773.jpg, /Users/matthew/Documents/git/udacity/carnd/carnd-behavioral-cloning/IMG/left_2016_12_16_00_33_24_773.jpg, /Users/matthew/Documents/git/udacity/carnd/carnd-behavioral-cloning/IMG/right_2016_12_16_00_33_24_773.jpg, -0.1285403, 0.3028322, 0, 10.26479
/Users/matthew/Documents/git/udacity/carnd/carnd-behavioral-cloning/IMG/center_2016_12_16_00_33_24_882.jpg, /Users/matthew/Documents/git/udacity/carnd/carnd-behavioral-cloning/IMG/left_2016_12_16_00_33_24_882.jpg, /Users/matthew/Documents/git/udacity/carnd/carnd-behavioral-cloning/IMG/right_2016_12_16_00_33_24_882.jpg, -0.1188574, 0.3028322, 0, 10.53045
/Users/matthew/Documents/git/udacity/carnd/carnd-behavioral-cloning/IMG/center_2016_12_16_00_33_24_985.jpg, /Users/matthew/Documents/git/udacity/carnd/carnd-behavioral-cloning/IMG/left_2016_12_16_00_33_24_985.jpg, /Users/matthew/Documents/git/udacity/carnd/carnd-behavioral-cloning/IMG/right_2016_12_16_00_33_24_985.jpg, -0.09949163, 0.3125151, 0, 10.85237
/Users/matthew/Documents/git/udacity/carnd/carnd-behavioral-cloning/IMG/center_2016_12_16_00_33_25_101.jpg, /Users/matthew/Documents/git/udacity/carnd/carnd-behavioral-cloning/IMG/left_2016_12_16_00_33_25_101.jpg, /Users/matthew/Documents/git/udacity/carnd/carnd-behavioral-cloning/IMG/right_2016_12_16_00_33_25_101.jpg, -0.09949163, 0.322198, 0, 11.12545
/Users/matthew/Documents/git/udacity/carnd/carnd-behavioral-cloning/IMG/center_2016_12_16_00_33_25_205.jpg, /Users/matthew/Documents/git/udacity/carnd/carnd-behavioral-cloning/IMG/left_2016_12_16_00_33_25_205.jpg, /Users/matthew/Documents/git/udacity/carnd/carnd-behavioral-cloning/IMG/right_2016_12_16_00_33_25_205.jpg, -0.09949163, 0.322198, 0, 11.0901
/Users/matthew/Documents/git/udacity/carnd/carnd-behavioral-cloning/IMG/center_2016_12_16_00_33_25_308.jpg, /Users/matthew/Documents/git/udacity/carnd/carnd-behavioral-cloning/IMG/left_2016_12_16_00_33_25_308.jpg, /Users/matthew/Documents/git/udacity/carnd/carnd-behavioral-cloning/IMG/right_2016_12_16_00_33_25_308.jpg, -0.09949163, 0.322198, 0, 11.59234
/Users/matthew/Documents/git/udacity/carnd/carnd-behavioral-cloning/IMG/center_2016_12_16_00_33_25_415.jpg, /Users/matthew/Documents/git/udacity/carnd/carnd-behavioral-cloning/IMG/left_2016_12_16_00_33_25_415.jpg, /Users/matthew/Documents/git/udacity/carnd/carnd-behavioral-cloning/IMG/right_2016_12_16_00_33_25_415.jpg, -0.09949163, 0.322198, 0, 11.9781
/Users/matthew/Documents/git/udacity/carnd/carnd-behavioral-cloning/IMG/center_2016_12_16_00_33_25_516.jpg, /Users/matthew/Documents/git/udacity/carnd/carnd-behavioral-cloning/IMG/left_2016_12_16_00_33_25_516.jpg, /Users/matthew/Documents/git/udacity/carnd/carnd-behavioral-cloning/IMG/right_2016_12_16_00_33_25_516.jpg, -0.08980875, 0.322198, 0, 12.01435
/Users/matthew/Documents/git/udacity/carnd/carnd-behavioral-cloning/IMG/center_2016_12_16_00_33_25_616.jpg, /Users/matthew/Documents/git/udacity/carnd/carnd-behavioral-cloning/IMG/left_2016_12_16_00_33_25_616.jpg, /Users/matthew/Documents/git/udacity/carnd/carnd-behavioral-cloning/IMG/right_2016_12_16_00_33_25_616.jpg, -0.08980875, 0.322198, 0, 12.64332
/Users/matthew/Documents/git/udacity/carnd/carnd-behavioral-cloning/IMG/center_2016_12_16_00_33_25_719.jpg, /Users/matthew/Documents/git/udacity/carnd/carnd-behavioral-cloning/IMG/left_2016_12_16_00_33_25_719.jpg, /Users/matthew/Documents/git/udacity/carnd/carnd-behavioral-cloning/IMG/right_2016_12_16_00_33_25_719.jpg, -0.08980875, 0.322198, 0, 12.51433
/Users/matthew/Documents/git/udacity/carnd/carnd-behavioral-cloning/IMG/center_2016_12_16_00_33_25_822.jpg, /Users/matthew/Documents/git/udacity/carnd/carnd-behavioral-cloning/IMG/left_2016_12_16_00_33_25_822.jpg, /Users/matthew/Documents/git/udacity/carnd/carnd-behavioral-cloning/IMG/right_2016_12_16_00_33_25_822.jpg, -0.08980875, 0.322198, 0, 13.26152
/Users/matthew/Documents/git/udacity/carnd/carnd-behavioral-cloning/IMG/center_2016_12_16_00_33_25_933.jpg, /Users/matthew/Documents/git/udacity/carnd/carnd-behavioral-cloning/IMG/left_2016_12_16_00_33_25_933.jpg, /Users/matthew/Documents/git/udacity/carnd/carnd-behavioral-cloning/IMG/right_2016_12_16_00_33_25_933.jpg, -0.08980875, 0.322198, 0, 13.54509
/Users/matthew/Documents/git/udacity/carnd/carnd-behavioral-cloning/IMG/center_2016_12_16_00_33_26_037.jpg, /Users/matthew/Documents/git/udacity/carnd/carnd-behavioral-cloning/IMG/left_2016_12_16_00_33_26_037.jpg, /Users/matthew/Documents/git/udacity/carnd/carnd-behavioral-cloning/IMG/right_2016_12_16_00_33_26_037.jpg, -0.08980875, 0.322198, 0, 13.36059
/Users/matthew/Documents/git/udacity/carnd/carnd-behavioral-cloning/IMG/center_2016_12_16_00_33_26_138.jpg, /Users/matthew/Documents/git/udacity/carnd/carnd-behavioral-cloning/IMG/left_2016_12_16_00_33_26_138.jpg, /Users/matthew/Documents/git/udacity/carnd/carnd-behavioral-cloning/IMG/right_2016_12_16_00_33_26_138.jpg, -0.08980875, 0.322198, 0, 14.08082
/Users/matthew/Documents/git/udacity/carnd/carnd-behavioral-cloning/IMG/center_2016_12_16_00_33_26_249.jpg, /Users/matthew/Documents/git/udacity/carnd/carnd-behavioral-cloning/IMG/left_2016_12_16_00_33_26_249.jpg, /Users/matthew/Documents/git/udacity/carnd/carnd-behavioral-cloning/IMG/right_2016_12_16_00_33_26_249.jpg, -0.08012585, 0.3125151, 0, 14.36115
/Users/matthew/Documents/git/udacity/carnd/carnd-behavioral-cloning/IMG/center_2016_12_16_00_33_26_350.jpg, /Users/matthew/Documents/git/udacity/carnd/carnd-behavioral-cloning/IMG/left_2016_12_16_00_33_26_350.jpg, /Users/matthew/Documents/git/udacity/carnd/carnd-behavioral-cloning/IMG/right_2016_12_16_00_33_26_350.jpg, 0, 0, 0, 14.00213
/Users/matthew/Documents/git/udacity/carnd/carnd-behavioral-cloning/IMG/center_2016_12_16_00_33_27_733.jpg, /Users/matthew/Documents/git/udacity/carnd/carnd-behavioral-cloning/IMG/left_2016_12_16_00_33_27_733.jpg, /Users/matthew/Documents/git/udacity/carnd/carnd-behavioral-cloning/IMG/right_2016_12_16_00_33_27_733.jpg, 0.03171151, 0, 0, 12.61121
/Users/matthew/Documents/git/udacity/carnd/carnd-behavioral-cloning/IMG/center_2016_12_16_00_33_27_838.jpg, /Users/matthew/Documents/git/udacity/carnd/carnd-behavioral-cloning/IMG/left_2016_12_16_00_33_27_838.jpg, /Users/matthew/Documents/git/udacity/carnd/carnd-behavioral-cloning/IMG/right_2016_12_16_00_33_27_838.jpg, 0.1479061, 0, 0, 11.92127
/Users/matthew/Documents/git/udacity/carnd/carnd-behavioral-cloning/IMG/center_2016_12_16_00_33_27_938.jpg, /Users/matthew/Documents/git/udacity/carnd/carnd-behavioral-cloning/IMG/left_2016_12_16_00_33_27_938.jpg, /Users/matthew/Documents/git/udacity/carnd/carnd-behavioral-cloning/IMG/right_2016_12_16_00_33_27_938.jpg, 0.1479061, 0, 0, 12.34033
/Users/matthew/Documents/git/udacity/carnd/carnd-behavioral-cloning/IMG/center_2016_12_16_00_33_28_050.jpg, /Users/matthew/Documents/git/udacity/carnd/carnd-behavioral-cloning/IMG/left_2016_12_16_00_33_28_050.jpg, /Users/matthew/Documents/git/udacity/carnd/carnd-behavioral-cloning/IMG/right_2016_12_16_00_33_28_050.jpg, 0.1382232, 0, 0, 12.19138
/Users/matthew/Documents/git/udacity/carnd/carnd-behavioral-cloning/IMG/center_2016_12_16_00_33_28_151.jpg, /Users/matthew/Documents/git/udacity/carnd/carnd-behavioral-cloning/IMG/left_2016_12_16_00_33_28_151.jpg, /Users/matthew/Documents/git/udacity/carnd/carnd-behavioral-cloning/IMG/right_2016_12_16_00_33_28_151.jpg, 0.1285404, 0.002662782, 0, 11.52111
/Users/matthew/Documents/git/udacity/carnd/carnd-behavioral-cloning/IMG/center_2016_12_16_00_33_28_251.jpg, /Users/matthew/Documents/git/udacity/carnd/carnd-behavioral-cloning/IMG/left_2016_12_16_00_33_28_251.jpg, /Users/matthew/Documents/git/udacity/carnd/carnd-behavioral-cloning/IMG/right_2016_12_16_00_33_28_251.jpg, 0.1285404, 0.002662782, 0, 11.94973
/Users/matthew/Documents/git/udacity/carnd/carnd-behavioral-cloning/IMG/center_2016_12_16_00_33_28_358.jpg, /Users/matthew/Documents/git/udacity/carnd/carnd-behavioral-cloning/IMG/left_2016_12_16_00_33_28_358.jpg, /Users/matthew/Documents/git/udacity/carnd/carnd-behavioral-cloning/IMG/right_2016_12_16_00_33_28_358.jpg, 0.1285404, 0.01234567, 0, 11.28938
/Users/matthew/Documents/git/udacity/carnd/carnd-behavioral-cloning/IMG/center_2016_12_16_00_33_28_458.jpg, /Users/matthew/Documents/git/udacity/carnd/carnd-behavioral-cloning/IMG/left_2016_12_16_00_33_28_458.jpg, /Users/matthew/Documents/git/udacity/carnd/carnd-behavioral-cloning/IMG/right_2016_12_16_00_33_28_458.jpg, 0.1188575, 0.01234567, 0, 11.72613
/Users/matthew/Documents/git/udacity/carnd/carnd-behavioral-cloning/IMG/center_2016_12_16_00_33_28_562.jpg, /Users/matthew/Documents/git/udacity/carnd/carnd-behavioral-cloning/IMG/left_2016_12_16_00_33_28_562.jpg, /Users/matthew/Documents/git/udacity/carnd/carnd-behavioral-cloning/IMG/right_2016_12_16_00_33_28_562.jpg, 0.1188575, 0.01234567, 0, 11.73365
/Users/matthew/Documents/git/udacity/carnd/carnd-behavioral-cloning/IMG/center_2016_12_16_00_33_28_666.jpg, /Users/matthew/Documents/git/udacity/carnd/carnd-behavioral-cloning/IMG/left_2016_12_16_00_33_28_666.jpg, /Users/matthew/Documents/git/udacity/carnd/carnd-behavioral-cloning/IMG/right_2016_12_16_00_33_28_666.jpg, 0.1188575, 0.01234567, 0, 11.44076
/Users/matthew/Documents/git/udacity/carnd/carnd-behavioral-cloning/IMG/center_2016_12_16_00_33_28_767.jpg, /Users/matthew/Documents/git/udacity/carnd/carnd-behavioral-cloning/IMG/left_2016_12_16_00_33_28_767.jpg, /Users/matthew/Documents/git/udacity/carnd/carnd-behavioral-cloning/IMG/right_2016_12_16_00_33_28_767.jpg, 0.1285404, 0.01234567, 0, 11.21226
/Users/matthew/Documents/git/udacity/carnd/carnd-behavioral-cloning/IMG/center_2016_12_16_00_33_29_883.jpg, /Users/matthew/Documents/git/udacity/carnd/carnd-behavioral-cloning/IMG/left_2016_12_16_00_33_29_883.jpg, /Users/matthew/Documents/git/udacity/carnd/carnd-behavioral-cloning/IMG/right_2016_12_16_00_33_29_883.jpg, 0, 0, 0, 10.06307
/Users/matthew/Documents/git/udacity/carnd/carnd-behavioral-cloning/IMG/center_2016_12_16_00_33_29_990.jpg, /Users/matthew/Documents/git/udacity/carnd/carnd-behavioral-cloning/IMG/left_2016_12_16_00_33_29_990.jpg, /Users/matthew/Documents/git/udacity/carnd/carnd-behavioral-cloning/IMG/right_2016_12_16_00_33_29_990.jpg, -0.08012585, 0, 0, 9.940532
/Users/matthew/Documents/git/udacity/carnd/carnd-behavioral-cloning/IMG/center_2016_12_16_00_33_30_099.jpg, /Users/matthew/Documents/git/udacity/carnd/carnd-behavioral-cloning/IMG/left_2016_12_16_00_33_30_099.jpg, /Users/matthew/Documents/git/udacity/carnd/carnd-behavioral-cloning/IMG/right_2016_12_16_00_33_30_099.jpg, -0.1382232, 0.01234567, 0, 9.844815
/Users/matthew/Documents/git/udacity/carnd/carnd-behavioral-cloning/IMG/center_2016_12_16_00_33_30_205.jpg, /Users/matthew/Documents/git/udacity/carnd/carnd-behavioral-cloning/IMG/left_2016_12_16_00_33_30_205.jpg, /Users/matthew/Documents/git/udacity/carnd/carnd-behavioral-cloning/IMG/right_2016_12_16_00_33_30_205.jpg, -0.1382232, 0.02202855, 0, 9.756034
/Users/matthew/Documents/git/udacity/carnd/carnd-behavioral-cloning/IMG/center_2016_12_16_00_33_30_307.jpg, /Users/matthew/Documents/git/udacity/carnd/carnd-behavioral-cloning/IMG/left_2016_12_16_00_33_30_307.jpg, /Users/matthew/Documents/git/udacity/carnd/carnd-behavioral-cloning/IMG/right_2016_12_16_00_33_30_307.jpg, -0.1382232, 0.02202855, 0, 9.686805
/Users/matthew/Documents/git/udacity/carnd/carnd-behavioral-cloning/IMG/center_2016_12_16_00_33_30_416.jpg, /Users/matthew/Documents/git/udacity/carnd/carnd-behavioral-cloning/IMG/left_2016_12_16_00_33_30_416.jpg, /Users/matthew/Documents/git/udacity/carnd/carnd-behavioral-cloning/IMG/right_2016_12_16_00_33_30_416.jpg, -0.1382232, 0.02202855, 0, 9.616207
/Users/matthew/Documents/git/udacity/carnd/carnd-behavioral-cloning/IMG/center_2016_12_16_00_33_30_523.jpg, /Users/matthew/Documents/git/udacity/carnd/carnd-behavioral-cloning/IMG/left_2016_12_16_00_33_30_523.jpg, /Users/matthew/Documents/git/udacity/carnd/carnd-behavioral-cloning/IMG/right_2016_12_16_00_33_30_523.jpg, -0.1285403, 0.04139432, 0, 9.557024
/Users/matthew/Documents/git/udacity/carnd/carnd-behavioral-cloning/IMG/center_2016_12_16_00_33_30_623.jpg, /Users/matthew/Documents/git/udacity/carnd/carnd-behavioral-cloning/IMG/left_2016_12_16_00_33_30_623.jpg, /Users/matthew/Documents/git/udacity/carnd/carnd-behavioral-cloning/IMG/right_2016_12_16_00_33_30_623.jpg, -0.1091745, 0.06076009, 0, 9.520002
/Users/matthew/Documents/git/udacity/carnd/carnd-behavioral-cloning/IMG/center_2016_12_16_00_33_30_725.jpg, /Users/matthew/Documents/git/udacity/carnd/carnd-behavioral-cloning/IMG/left_2016_12_16_00_33_30_725.jpg, /Users/matthew/Documents/git/udacity/carnd/carnd-behavioral-cloning/IMG/right_2016_12_16_00_33_30_725.jpg, -0.09949163, 0.06076009, 0, 9.494176
/Users/matthew/Documents/git/udacity/carnd/carnd-behavioral-cloning/IMG/center_2016_12_16_00_33_30_835.jpg, /Users/matthew/Documents/git/udacity/carnd/carnd-behavioral-cloning/IMG/left_2016_12_16_00_33_30_835.jpg, /Users/matthew/Documents/git/udacity/carnd/carnd-behavioral-cloning/IMG/right_2016_12_16_00_33_30_835.jpg, -0.08980875, 0.06076009, 0, 9.472929
/Users/matthew/Documents/git/udacity/carnd/carnd-behavioral-cloning/IMG/center_2016_12_16_00_33_30_939.jpg, /Users/matthew/Documents/git/udacity/carnd/carnd-behavioral-cloning/IMG/left_2016_12_16_00_33_30_939.jpg, /Users/matthew/Documents/git/udacity/carnd/carnd-behavioral-cloning/IMG/right_2016_12_16_00_33_30_939.jpg, 0, 0, 0, 9.424607
